Lambda,Alpha,Dimension,m,k,ACC,NMI,Purity,Fscore,Precision,Recall,AR,Entropy,std1,std2,std3,std4,std5,std6,std7,std8
1,1e-05,14,14,1,74.7619047619048,62.0537754611632,74.7619047619048,58.4667487684729,55.0275282526804,62.3645320197044,51.2847449602853,109.331806385605,0,0,0,0,0,0,0,0
1,1e-05,14,14,3,74.7619047619048,62.0537754611632,74.7619047619048,58.4667487684729,55.0275282526804,62.3645320197044,51.2847449602853,109.331806385605,0,0,0,0,0,0,0,0
1,1e-05,14,14,5,74.7619047619048,62.0537754611632,74.7619047619048,58.4667487684729,55.0275282526804,62.3645320197044,51.2847449602853,109.331806385605,0,0,0,0,0,0,0,0
1,1e-05,14,14,7,74.7619047619048,62.0537754611632,74.7619047619048,58.4667487684729,55.0275282526804,62.3645320197044,51.2847449602853,109.331806385605,0,0,0,0,0,0,0,0
1,1e-05,14,14,9,74.7619047619048,62.0537754611632,74.7619047619048,58.4667487684729,55.0275282526804,62.3645320197044,51.2847449602853,109.331806385605,0,0,0,0,0,0,0,0
1,1e-05,14,14,11,74.7619047619048,62.0537754611632,74.7619047619048,58.4667487684729,55.0275282526804,62.3645320197044,51.2847449602853,109.331806385605,0,0,0,0,0,0,0,0
1,1e-05,14,14,13,74.7619047619048,62.0537754611632,74.7619047619048,58.4667487684729,55.0275282526804,62.3645320197044,51.2847449602853,109.331806385605,0,0,0,0,0,0,0,0
1,1e-05,14,14,15,74.7619047619048,62.0537754611632,74.7619047619048,58.4667487684729,55.0275282526804,62.3645320197044,51.2847449602853,109.331806385605,0,0,0,0,0,0,0,0
